<?xml version="1.0" encoding="utf-8" ?>
<Defs>

	<ThingDef ParentName="BuildingBase">
		<defName>TransportPodSmall</defName>
		<label>small transport pod</label>
		<description>A small launchable sub-orbital cargo pod capable of carrying items. Can be used for sending gifts or supplies.</description>
		<graphicData>
			<texPath>Things/Special/DropPod</texPath>
			<graphicClass>Graphic_Single</graphicClass>
			<drawSize>(1,1)</drawSize>
		</graphicData>
		<size>(1,1)</size>
		<rotatable>false</rotatable>
		<tickerType>Normal</tickerType>
		<altitudeLayer>BuildingOnTop</altitudeLayer>
		<passability>PassThroughOnly</passability>
		<castEdgeShadows>false</castEdgeShadows>
		<fillPercent>0.5</fillPercent>
		<designationCategory>Misc</designationCategory>
		<terrainAffordanceNeeded>Medium</terrainAffordanceNeeded>
		<statBases>
			<MaxHitPoints>100</MaxHitPoints>
			<WorkToBuild>400</WorkToBuild>
			<Flammability>0.5</Flammability>
		</statBases>
		<costList>
			<Steel>20</Steel>
		</costList>
		<comps>
			<li Class="CompProperties_Transporter">
				<massCapacity>20</massCapacity>
				<restEffectiveness>0.8</restEffectiveness>
			</li>
			<li Class="CompProperties_Launchable" />
		</comps>
		<inspectorTabs>
			<li>ITab_ContentsTransporter</li>
		</inspectorTabs>
		<placeWorkers>
			<li>PlaceWorker_NeedsFuelingPort</li>
			<li>PlaceWorker_NotUnderRoof</li>
		</placeWorkers>
		<researchPrerequisites>
			<li>TransportPod</li>
		</researchPrerequisites>
		<constructionSkillPrerequisite>6</constructionSkillPrerequisite>
		<uiIconScale>0.65</uiIconScale>
	</ThingDef>
	
</Defs>